Link Name,Center of Mass X,Center of Mass Y,Center of Mass Z,Center of Mass Roll,Center of Mass Pitch,Center of Mass Yaw,Mass,Moment Ixx,Moment Ixy,Moment Ixz,Moment Iyy,Moment Iyz,Moment Izz,Visual X,Visual Y,Visual Z,Visual Roll,Visual Pitch,Visual Yaw,Mesh Filename,Color Red,Color Green,Color Blue,Color Alpha,Collision X,Collision Y,Collision Z,Collision Roll,Collision Pitch,Collision Yaw,Collision Mesh Filename,Material Name,SW Components,Coordinate System,Axis Name,Joint Name,Joint Type,Joint Origin X,Joint Origin Y,Joint Origin Z,Joint Origin Roll,Joint Origin Pitch,Joint Origin Yaw,Parent,Joint Axis X,Joint Axis Y,Joint Axis Z,Limit Effort,Limit Velocity,Limit Lower,Limit Upper,Calibration rising,Calibration falling,Dynamics Damping,Dynamics Friction,Safety Soft Upper,Safety Soft Lower,Safety K Position,Safety K Velocity
base_link,0.00683000289839214,0.0492858185856111,0.102410796188668,0,0,0,1.54608760930939,0.00335325507409126,-2.743396733147E-05,6.86594556642029E-08,0.00381821146815156,-1.9423420965472E-06,0.00646111115889031,0,0,0,0,0,0,package://R5A_V_ROS_WITH_GRIPPER_V2/meshes/base_link.STL,0.792156862745098,0.819607843137255,0.933333333333333,1,0,0,0,0,0,0,package://R5A_V_ROS_WITH_GRIPPER_V2/meshes/base_link.STL,,R5A_Base_2-1,Origin_global,,,,0,0,0,0,0,0,,0,0,0,,,,,,,,,,,,
R5A_link1,-0.000863539879134213,0.0792884229151367,0.000217126309188408,0,0,0,2.08660345546666,0.00705202984610834,4.18495769536855E-07,-5.35090527857546E-08,0.00650257727022909,-7.95450001919519E-07,0.00859235014286563,0,0,0,0,0,0,package://R5A_V_ROS_WITH_GRIPPER_V2/meshes/R5A_link1.STL,0.792156862745098,0.819607843137255,0.933333333333333,1,0,0,0,0,0,0,package://R5A_V_ROS_WITH_GRIPPER_V2/meshes/R5A_link1.STL,,R5A_R0_yaw_2-1,Origin_R0_Yaw,Axis_R0_Yaw,R0_Yaw,revolute,0.00685726045199512,0,0.15825,1.5707963267949,0,0,base_link,0,1,0,0,0,0,0,,,,,,,,
R5A_link2,0.000590340031700784,0.0792749789345383,-1.60575865215828E-05,0,0,0,1.92247082198063,0.00487699383852877,-3.67976990627086E-05,1.05680472821134E-06,0.00293274601666501,-4.85804534901831E-08,0.00503562271238706,0,0,0,0,0,0,package://R5A_V_ROS_WITH_GRIPPER_V2/meshes/R5A_link2.STL,0.792156862745098,0.819607843137255,0.933333333333333,1,0,0,0,0,0,0,package://R5A_V_ROS_WITH_GRIPPER_V2/meshes/R5A_link2.STL,,R5A_R1_Pitch_2-1,Origin_R1_Pitch,Axis_R1_Pitch,R1_Pitch,revolute,-0.00310901547925538,0.1655,0,0,0,0,R5A_link1,-0.999934112328875,0,-0.011479155067573,0,0,0,0,,,,,,,,
R5A_link3,-0.000315549279166789,0.042444959407996,0.00042316309562433,0,0,0,0.749292336081855,0.00200425601332893,9.1795637501825E-06,-2.55766332056785E-08,0.000697358197450952,-7.84063656624641E-06,0.00196480563389349,0,0,0,0,0,0,package://R5A_V_ROS_WITH_GRIPPER_V2/meshes/R5A_link3.STL,0.792156862745098,0.819607843137255,0.933333333333333,1,0,0,0,0,0,0,package://R5A_V_ROS_WITH_GRIPPER_V2/meshes/R5A_link3.STL,,R5A_R2_Pitch_2-1,Origin_R2_Pitch,Axis_R2_Pitch,R2_Pitch,revolute,0.00300704230231069,0.221123792803564,0,0,0,0,R5A_link2,-1,0,0,0,0,0,0,,,,,,,,
R5A_link4,-0.000206047771187218,0.0454873904143415,-0.000219105733632293,0,0,0,0.355077243317478,0.000669805200123062,-4.71996739637697E-07,-1.57736445584604E-07,0.000358674558440891,-5.41990968682589E-08,0.000768116251564114,0,0,0,0,0,0,package://R5A_V_ROS_WITH_GRIPPER_V2/meshes/R5A_link4.STL,0.792156862745098,0.819607843137255,0.933333333333333,1,0,0,0,0,0,0,package://R5A_V_ROS_WITH_GRIPPER_V2/meshes/R5A_link4.STL,,R5A_R3_Yaw_2-1,Origin_R3_Yaw,Axis_R3_Yaw,R3_Yaw,revolute,0,0.1375,0,0,0,0,R5A_link3,0,-0.999718303067734,-0.0237342476470231,0,0,0,0,,,,,,,,
R5A_link5,-0.000347552332670687,0.000167028378251888,0.0138173380766619,0,0,0,0.198451767848984,0.000113354976202718,-9.1633661632938E-08,2.54500165125599E-07,8.47211726683811E-05,4.4543875805716E-08,6.47134110451793E-05,0,0,0,0,0,0,package://R5A_V_ROS_WITH_GRIPPER_V2/meshes/R5A_link5.STL,0.792156862745098,0.819607843137255,0.933333333333333,1,0,0,0,0,0,0,package://R5A_V_ROS_WITH_GRIPPER_V2/meshes/R5A_link5.STL,,R5A_R4_Pitch_2-1,Origin_R4_Pitch,Axis_R4_Pitch,R4_Pitch,revolute,0,0.0950000000000002,0,1.5707963267949,0,3.14159265358979,R5A_link4,-0.995634790742834,0.0933346852058426,0,0,0,0,0,,,,,,,,
R5A_GripperLeft_Link1,-0.00659452357779758,-0.000394229793377554,2.33412007890428E-06,0,0,0,0.00487858122952023,2.28094324920978E-07,1.69392169643129E-08,-1.00081436396101E-10,9.51062234425361E-07,1.21242073786193E-09,1.15060635431209E-06,0,0,0,0,0,0,package://R5A_V_ROS_WITH_GRIPPER_V2/meshes/R5A_GripperLeft_Link1.STL,1,1,1,1,0,0,0,0,0,0,package://R5A_V_ROS_WITH_GRIPPER_V2/meshes/R5A_GripperLeft_Link1.STL,,Servo Gear B-1,Origin_ServoGearB,Axis_ServoGearB,ServoGearB,revolute,0.0140000000000435,-0.000394292596204153,0.0649988040916903,1.5707963267949,0,3.14159265358979,R5A_link5,0,-0.006066039941515,-0.99998160141046,0,0,0,0,,,,,,,,
R5A_GripperLeft_Link2,0.0121769148397674,0.0264987914633908,-0.00015844305881356,0,0,0,0.010285119366326,3.24436687710476E-06,-1.54511287979719E-06,9.58011795509873E-09,1.30527398272079E-06,1.62739383329718E-08,3.9267289910886E-06,0,0,0,0,0,0,package://R5A_V_ROS_WITH_GRIPPER_V2/meshes/R5A_GripperLeft_Link2.STL,0.792156862745098,0.819607843137255,0.933333333333333,1,0,0,0,0,0,0,package://R5A_V_ROS_WITH_GRIPPER_V2/meshes/R5A_GripperLeft_Link2.STL,,Gripper Left B-1,Origin_LeftGripper,Axis_LeftGripper,LeftGripper,revolute,-0.0399999995050676,0,0,0,0,0,R5A_GripperLeft_Link1,0,-0.00606603994152109,-0.99998160141046,0,0,0,0,,,,,,,,
R5A_GripperRight_Link1,0.00645173751362635,-0.000420742089632498,2.55112204775943E-06,0,0,0,0.0050032197309173,2.29355330577406E-07,-1.79692415236652E-08,1.09050530560748E-10,9.5760807063583E-07,1.21374586203625E-09,1.15767989130762E-06,0,0,0,0,0,0,package://R5A_V_ROS_WITH_GRIPPER_V2/meshes/R5A_GripperRight_Link1.STL,1,1,1,1,0,0,0,0,0,0,package://R5A_V_ROS_WITH_GRIPPER_V2/meshes/R5A_GripperRight_Link1.STL,,Idol Gear B-1,Origin_IdolGearB,Axis_IdolGearB,IdolGearB,revolute,-0.014,-0.00039429,0.064999,1.5708,0,3.1416,R5A_link5,0,-0.006066,-0.99998,0,0,0,0,,,,,,,,
R5A_GripperRight_Link12,-0.0121769121022437,0.0264987629997102,-0.000158239935641401,0,0,0,0.010285143205825,3.24437190589205E-06,1.54511360510839E-06,-9.56821825775037E-09,1.30527511012569E-06,1.63061443850165E-08,3.92673308798733E-06,0,0,0,0,0,0,package://R5A_V_ROS_WITH_GRIPPER_V2/meshes/R5A_GripperRight_Link12.STL,0.792156862745098,0.819607843137255,0.933333333333333,1,0,0,0,0,0,0,package://R5A_V_ROS_WITH_GRIPPER_V2/meshes/R5A_GripperRight_Link12.STL,,Gripper Right B-1,Origin_RightGripper,Axis_RightGripper,RightGripper,revolute,0.0399999045264166,-8.73933436228436E-05,0,0,0,0,R5A_GripperRight_Link1,0,-0.00606603994152205,-0.99998160141046,0,0,0,0,,,,,,,,
R5A_GripperLeft_Link3,-0.0199999997525652,3.14595219752523E-06,-1.9083866895607E-08,0,0,0,0.00167027391699932,1.0506836483145E-08,4.70838754646716E-11,-2.85618585168146E-13,3.09836744743029E-07,5.57882383972831E-12,3.10756375336318E-07,0,0,0,0,0,0,package://R5A_V_ROS_WITH_GRIPPER_V2/meshes/R5A_GripperLeft_Link3.STL,1,1,1,1,0,0,0,0,0,0,package://R5A_V_ROS_WITH_GRIPPER_V2/meshes/R5A_GripperLeft_Link3.STL,,Pivot Arm B-1,Origin_LeftPivotArm,Axis_LeftPivotArm,LeftPivotArm,revolute,0.007000000000237,-0.000515613395019377,0.0849984361199003,1.5707963267949,0,3.14159265358979,R5A_link5,0,0.00606603994152107,0.99998160141046,0,0,0,0,,,,,,,,
R5A_GripperLeft_Link31,0.00517691484002405,0.00649915943516877,-3.71222599984011E-05,0,0,0,0.010285119366326,3.24436687710477E-06,-1.5451128797972E-06,9.58011795509812E-09,1.30527398272079E-06,1.62739383329705E-08,3.92672899108861E-06,0,0,0,0,0,0,package://R5A_V_ROS_WITH_GRIPPER_V2/meshes/R5A_GripperLeft_Link31.STL,0.792156862745098,0.819607843137255,0.933333333333333,1,0,0,0,0,0,0,package://R5A_V_ROS_WITH_GRIPPER_V2/meshes/R5A_GripperLeft_Link31.STL,,Gripper Left B-1,Origin_LeftPivotArmToGripper,Axis_LeftPivotArmToGripper,GripperLeftLink31,revolute,-0.04,0,0,0,0,0,R5A_GripperLeft_Link3,0,0.006066,0.99998,0,0,0,0,,,,,,,,
R5A_GripperRight_Link3,0.0199999522633234,-4.36966718082576E-05,2.65070677277451E-07,0,0,0,0.00167027391699932,1.05082579798437E-08,6.53984435711288E-10,-3.96716935937682E-12,3.09835323298637E-07,5.58744653817654E-12,3.10756375284011E-07,0,0,0,0,0,0,package://R5A_V_ROS_WITH_GRIPPER_V2/meshes/R5A_GripperRight_Link3.STL,1,1,1,1,0,0,0,0,0,0,package://R5A_V_ROS_WITH_GRIPPER_V2/meshes/R5A_GripperRight_Link3.STL,,Pivot Arm B-2,Origin_RightPivotArm,Axis_RightPivotArm,RigtPivotArm,revolute,-0.00699999999995929,-0.000515613394988563,0.0849984361199004,1.5707963267949,0,3.14159265358979,R5A_link5,0,-0.00606603994152203,-0.99998160141046,0,0,0,0,,,,,,,,
R5A_GripperRight_Link31,-0.00517691210233121,0.00649913097149446,-3.69191367957463E-05,0,0,0,0.010285143205825,3.24437190589205E-06,1.54511360510839E-06,-9.56821825775039E-09,1.30527511012569E-06,1.63061443850169E-08,3.92673308798733E-06,0,0,0,0,0,0,package://R5A_V_ROS_WITH_GRIPPER_V2/meshes/R5A_GripperRight_Link31.STL,0.792156862745098,0.819607843137255,0.933333333333333,1,0,0,0,0,0,0,package://R5A_V_ROS_WITH_GRIPPER_V2/meshes/R5A_GripperRight_Link31.STL,,Gripper Right B-1,Origin_RightPivotArmToGripper,Axis_RightPivotArmToGripper,GripperRightLink31,revolute,0.04,-8.7393E-05,0,0,0,0,R5A_GripperRight_Link3,0,-0.006066,-0.99998,0,0,0,0,,,,,,,,
